PROCÈS DE MAZAN - "Un procès ne m'a autant donne envie de changer de sexe... Si, quand on découvre les horreurs dont l'homme est capable"	https://audio.audiomeans.fr/file/nvPVUluDrr/812b2d19-d4c6-49c2-8716-70039c2c2d18.mp3?_=1734421084	3.24 MB	03:32	Ecoutez Le 2ème œil de Philippe Caverivière du 17 décembre 2024.	
"Bayrou, c'est un autre rapport au temps... dans le Lièvre et la Tortue il serait la limace derrière la Tortue"	https://audio.audiomeans.fr/file/nvPVUluDrr/6a8ed655-cf7f-40f8-a474-357f717f6d0b.mp3?_=1734419281	4.98 MB	05:26	Ecoutez L'oeil de Philippe Caverivière du 17 décembre 2024.	
"Le concours Miss France, c'était surtout la finale du championnat de France des haters !"	https://audio.audiomeans.fr/file/nvPVUluDrr/920f2cb8-b01a-4d68-b1f5-e253a65137a1.mp3?_=1734334680	4.18 MB	04:34	Ecoutez Le 2ème œil de Philippe Caverivière du 16 décembre 2024.	
"Matignon, c'est un tour de rodéo sur un taureau épileptique avec un piment dans le rectum"	https://audio.audiomeans.fr/file/nvPVUluDrr/e9f90725-2002-4232-9b15-97848885f4ae.mp3?_=1734332881	5.12 MB	05:35	Ecoutez L'oeil de Philippe Caverivière du 16 décembre 2024.	
ARCHIVE - La chronique du 4 septembre 2019	https://audio.audiomeans.fr/file/nvPVUluDrr/b1f11e0e-4df8-486b-9030-33489efa7aac.mp3?_=1733330583	3.86 MB	04:13	Chaque dimanche, découvrez une archive de Philippe Caverivière. Arrivé à RTL Soir en 2019, l'humoriste tenait une chronique tous les mercredi, au micro de Thomas Sotto. 	
BEST OF - Ukraine, Nouvelle-Calédonie, États-Unis... Caverivière face aux spécialistes internationaux	https://audio.audiomeans.fr/file/nvPVUluDrr/e521e2ee-0240-42b8-8eee-157cc271b9d6.mp3?_=1733395081	4.57 MB	04:59	Chaque samedi, découvrez une compilation thématisée des meilleurs chroniques de Philippe Caverivière ! Dans ce best of, l'humoriste fait face à Bernard Guetta, spécialiste de géopolitique internationale, Nathalie Paolucci, fille d'un vétéran américain qui a débarqué sur Utah Beach ou encore le député de la Nouvelle-Calédonie, Philippe Dunoyer.	
"Le pape François va découvrir la légendaire hospitalité des habitants de l'île de beauté"	https://audio.audiomeans.fr/file/nvPVUluDrr/d650e707-cca2-45be-b2e1-0f876bbe26dd.mp3?_=1734075484	3.04 MB	03:19	Ecoutez Le 2ème œil de Philippe Caverivière du 13 décembre 2024.	
"Un nouveau premier ministre un vendredi 13... faut pas être superstitieux, déjà qu'on les garde pas longtemps"	https://audio.audiomeans.fr/file/nvPVUluDrr/015446aa-92ac-4e47-86a8-25352745b23d.mp3?_=1734073680	5.33 MB	05:49	Ecoutez L'oeil de Philippe Caverivière du 13 décembre 2024.	
"Y'a plus de chances de voir un char de la CGT dans les rues de Riyad qu'un char de gay pride"	https://audio.audiomeans.fr/file/nvPVUluDrr/37a5bf6e-6b9d-439e-b101-a36acc16d1e2.mp3?_=1733989084	3.51 MB	03:50	Ecoutez Le 2ème œil de Philippe Caverivière du 12 décembre 2024.	
"À part en nommant un morceau de tofu à Matignon, Macron ne peut pas faire plus fade que Bayrou"	https://audio.audiomeans.fr/file/nvPVUluDrr/02685603-add5-4601-a280-6e38e720c8b7.mp3?_=1733987281	5.14 MB	05:36	Ecoutez L'oeil de Philippe Caverivière du 12 décembre 2024.	
NOËL - 2. Nathalie Renoux, Lorànt Deutsch, Philippe Caverivière et Alex Vizorek lisent "Le chat Botté"	https://audio.audiomeans.fr/file/nvPVUluDrr/b54f65f6-734b-4fc3-9b5e-62f66e48edcf.mp3?_=1733910630	8.66 MB	09:27	LIS-MOI UNE HISTOIRE... DE NOËL - Pour patienter jusqu'au 24 décembre, les grandes voix de RTL offrent chaque jour un conte merveilleux. Découvrez aujourd'hui l'histoire d'un chat rusé qui n'hésite pas à tricher un peu pour offrir le pouvoir, la fortune et la main d'une princesse à son pauvre maitre. "Le chat botté", de Charles Perrault, est lue par Nathalie Renoux, Lorànt Deutsch Philippe Caverivière et Alex Vizorek.
"Lis-moi une histoire" est un podcast présenté par Laurent Marsick. Chaque épisode, vous propose une histoire passionnante, fascinante, instructive.	
"Bachar al-Assad : de boucher en Syrie à ophtalmo en Russie... Il faut séparer l'homme de l'orthoptiste"	https://audio.audiomeans.fr/file/nvPVUluDrr/707ee728-f2c9-4668-8978-7519cf1d66f9.mp3?_=1733902681	3.05 MB	03:20	Ecoutez Le 2ème œil de Philippe Caverivière du 11 décembre 2024.	
"Emmanuel Macron a fait prépa, Sciences Po, Normal Sup mais dans sa tête il a un enfant bloqué en CE2"	https://audio.audiomeans.fr/file/nvPVUluDrr/99a1d32d-179e-4eb4-9653-6e31f7b483f5.mp3?_=1733900881	5.07 MB	05:32	Ecoutez L'oeil de Philippe Caverivière du 11 décembre 2024.	
Caverivière s'amuse d'un article consacré à Vizorek "un massage naturiste au Petit Bambou avec finition"	https://audio.audiomeans.fr/file/nvPVUluDrr/20d82792-6a0e-405f-88b7-b6a210920750.mp3?_=1733819015	3.45 MB	03:46	Ecoutez Le 2ème œil de Philippe Caverivière du 10 décembre 2024.	
"Bachar al-Assad, on l'appelait 'le boucher de Damas', maintenant c'est 'le planqué de Moscou'"	https://audio.audiomeans.fr/file/nvPVUluDrr/0052a4bf-adfd-4a10-be4e-62cab796fa4b.mp3?_=1733819087	4.27 MB	04:40	Ecoutez L'oeil de Philippe Caverivière du 10 décembre 2024.	
"Les chasseurs boivent à mon avis... pour oublier qu'ils chassent"	https://audio.audiomeans.fr/file/nvPVUluDrr/6d2bfc2b-0c33-4019-ad24-f324ceac2564.mp3?_=1733729880	3.31 MB	03:36	Ecoutez Le 2ème œil de Philippe Caverivière du 09 décembre 2024.	
"Emmanuel Macron, les seuls trucs qu'il réussit c'est les cérémonies"	https://audio.audiomeans.fr/file/nvPVUluDrr/624d3abc-6f0e-4cbb-accb-fb6747e3a9a9.mp3?_=1733728081	5.22 MB	05:42	Ecoutez L'oeil de Philippe Caverivière du 09 décembre 2024.	
ARCHIVE - La première chronique de Philippe Caverivière sur RTL	https://audio.audiomeans.fr/file/nvPVUluDrr/411e48fc-4460-4a70-aaed-728474ce92ea.mp3?_=1733318881	3.8 MB	04:09	Chaque dimanche, découvrez une archive de Philippe Caverivière. Arrivé à RTL Soir en 2019, l'humoriste a fait sa première chronique au micro de Thomas Sotto le 28 août 2019. 	
BEST OF - Notre Dame, Abbé Pierre, reconversion... Caverivière face aux spécialistes de la religion	https://audio.audiomeans.fr/file/nvPVUluDrr/1491467c-9e39-443d-b139-6649209ee4b6.mp3?_=1733396581	7.71 MB	08:25	Chaque samedi, découvrez une compilation thématisée des meilleurs chroniques de Philippe Caverivière ! Dans ce best of, l'humoriste fait face au Père Matthieu, prêtre catholique et vidéaste français, Philippe Jost, président chargé de la conservation et de la restauration de la cathédrale Notre-Dame de Paris ou encore Richard Malka, connu notamment pour être l'avocat de l'hebdomadaire satirique "Charlie Hebdo". 	
NOËL - 6. Philippe Caverivière, Yves Calvi et Jérôme Florin lisent "Le paysan et le diable"	https://audio.audiomeans.fr/file/nvPVUluDrr/af098b98-feaa-45fb-a240-6c4a9a7261cf.mp3?_=1733477466	2.84 MB	03:06	LIS-MOI UNE HISTOIRE... DE NOËL - Pour patienter jusqu'au 24 décembre, les grandes voix de RTL offrent chaque jour un conte merveilleux. Découvrez aujourd'hui une histoire pleine de malice et de diablerie. "Le paysan et le diable" est un conte des frères Grimm lu par Philippe Caverivière, Yves Calvi et Jérôme Florin.
"Lis-moi une histoire" est un podcast présenté par Laurent Marsick. Chaque épisode, vous propose une histoire passionnante, fascinante, instructive.	
"Teddy Riner, s'il faut le vanner, autant qu'il soit loin !"	https://audio.audiomeans.fr/file/nvPVUluDrr/8ec07150-9653-409f-ad48-4ddd4ae5fbf2.mp3?_=1733470680	3.07 MB	03:21	Ecoutez Le 2ème œil de Philippe Caverivière du 06 décembre 2024.	
Philippe Caverivière traduit ce qu'a vraiment dit Emmanuel Macron lors de son allocution	https://audio.audiomeans.fr/file/nvPVUluDrr/c43b469f-c7e8-47bf-b2bb-509c240a9ca6.mp3?_=1733468881	4.41 MB	04:49	Ecoutez L'oeil de Philippe Caverivière du 06 décembre 2024.	
"Sébastien Lecornu est dans les petits papiers pour Matignon, c'est vrai qu'il nous faut un militaire à ce poste"	https://audio.audiomeans.fr/file/nvPVUluDrr/864ace2c-c861-4cbb-a9cd-1596b33a5506.mp3?_=1733384581	3.36 MB	03:40	Ecoutez Le 2ème œil de Philippe Caverivière du 05 décembre 2024.	
"Emmanuel Macron va parler à 20 heures, on sait qu'il va nous engueuler"	https://audio.audiomeans.fr/file/nvPVUluDrr/2c2cb36f-ec20-4011-90f5-61637717262d.mp3?_=1733382481	4.47 MB	04:53	Ecoutez L'oeil de Philippe Caverivière du 05 décembre 2024.	
"Michel Barnier c'est un hypnotiseur mais qui ne te fait rien"	https://audio.audiomeans.fr/file/nvPVUluDrr/17f22e79-be55-49cc-8327-4c79bf4e5aa1.mp3?_=1733297880	3.67 MB	04:00	Ecoutez Le 2ème œil de Philippe Caverivière du 04 décembre 2024.	
"Macron veut un nouveau premier ministre sous son sapin... mais il a loupé le black Friday"	https://audio.audiomeans.fr/file/nvPVUluDrr/dd42415a-fe4c-45a8-95e2-8fc939a73df2.mp3?_=1733296081	4.59 MB	05:01	Ecoutez L'oeil de Philippe Caverivière du 04 décembre 2024.	
"Dominique Farrugia c'est le talent, les grandes causes, et une passion pour les 4 roues"	https://audio.audiomeans.fr/file/nvPVUluDrr/f2212784-75df-4070-9855-903c817ac7f8.mp3?_=1733211481	3.19 MB	03:29	Ecoutez Le 2ème œil de Philippe Caverivière du 03 décembre 2024.	
"On réouvre Notre-Dame cette semaine... pour y enterrer Michel Barnier et tout le gouvernement !"	https://audio.audiomeans.fr/file/nvPVUluDrr/63e932e1-6393-4a3f-818a-750170c348df.mp3?_=1733209681	5.38 MB	05:52	Ecoutez L'oeil de Philippe Caverivière du 03 décembre 2024.	
"On entend moins parler des dérives de la 3ème mi-temps au ping-pong"	https://audio.audiomeans.fr/file/nvPVUluDrr/589724c9-b2ce-4a26-9994-b8b8f31eaed5.mp3?_=1733125081	3.29 MB	03:35	Ecoutez Le 2ème œil de Philippe Caverivière du 02 décembre 2024.	
"Jordan Bardella est encore un peu en dessous de Churchill niveau CV... il est meilleur en développé couché !"	https://audio.audiomeans.fr/file/nvPVUluDrr/3fdffdc1-363b-4ac6-b547-38e9d85b1dd3.mp3?_=1733123282	4.82 MB	05:16	Ecoutez L'oeil de Philippe Caverivière du 02 décembre 2024.	
LA VIZO CONFÉRENCE - "Au cas où Eva Longoria nous écoute, moi j'ai un très chouette T2 dans le 7e, si il faut dépanner...."	https://audio.audiomeans.fr/file/nvPVUluDrr/b1f99208-8fa4-424f-8bd7-5b0654851be3.mp3?_=1732181819	4.9 MB	05:21	A cause de la réélection de Donald Trump, certaines rumeurs affirment qu'Eva Longoria veut quitter définitivement les États-Unis...
Ecoutez La Vizo Conférence avec Alex Vizorek du 21 novembre 2024.	
BEST OF - Spécial grèves	https://audio.audiomeans.fr/file/nvPVUluDrr/4b920f8e-16b7-4d79-93c6-875448a9dc70.mp3?_=1732179517	3.18 MB	03:28	Tout l'été, retrouvez chaque jour le meilleur de Philippe Caverivière.	
Philippe Caverivière : le grand retour du jeu "Mouru pas mouru"	https://audio.audiomeans.fr/file/nvPVUluDrr/de8bd3b6-9d25-4a21-ac93-d6e06eb80967.mp3?_=1732865882	3.69 MB	04:02	Ecoutez Le 2ème œil de Philippe Caverivière du 29 novembre 2024.	
"Le RN est très à cheval sur les prix de l'électricité, c'est de famille Jean-Marie Le Pen était un petit producteur d'électricité en Algérie"	https://audio.audiomeans.fr/file/nvPVUluDrr/2f6837ae-30b6-4f72-8042-589c8ab679c6.mp3?_=1732864081	4.99 MB	05:27	Ecoutez L'oeil de Philippe Caverivière du 29 novembre 2024.	
"Un cessez-le-feu entre Israël et le Hezbollah... c'est comme un legging après une raclette... ça peut péter à la tronche de tout le monde !"	https://audio.audiomeans.fr/file/nvPVUluDrr/e58faf55-a67d-4b1a-b0c9-a7446f16bd9d.mp3?_=1732779481	3.22 MB	03:31	Ecoutez Le 2ème œil de Philippe Caverivière du 28 novembre 2024.	
"Emmanuel Macron, c'est plus un président... c'est un turfiste qui pari au PMU toute la journée"	https://audio.audiomeans.fr/file/nvPVUluDrr/23afe0b7-b9e0-4d47-88e4-6844f5006736.mp3?_=1732777681	5.13 MB	05:36	Ecoutez L'oeil de Philippe Caverivière du 28 novembre 2024.	
"Anne Hidalgo ne va pas se représenter, c'est un jour noir pour les entreprises...  Son nom sera donné à un plot de chantier"	https://audio.audiomeans.fr/file/nvPVUluDrr/94802b6f-8086-4a12-81fe-4ab1cab00ed9.mp3?_=1732693081	3.18 MB	03:28	Ecoutez Le 2ème œil de Philippe Caverivière du 27 novembre 2024.	
"Michel Barnier c'est Messmer l'hypnotiseur, il dit juste 'concernant les tarifs de l'électricité...' t'es en sommeil profond"	https://audio.audiomeans.fr/file/nvPVUluDrr/59dcddb2-15a1-41b0-bffd-9cd8c8769c34.mp3?_=1732691281	4.81 MB	05:15	Ecoutez L'oeil de Philippe Caverivière du 27 novembre 2024.	
"Lilian Thuram a toujours été considéré comme le penseur parmi les footballeurs... Les lunettes font intello"	https://audio.audiomeans.fr/file/nvPVUluDrr/354191c2-baf0-44e1-bea1-0da346ba5ad1.mp3?_=1732606681	3.78 MB	04:08	Ecoutez Le 2ème œil de Philippe Caverivière du 26 novembre 2024.	
"Pour faire tomber Michel Barnier ? Pas besoin de Teddy Riner, il suffit d'un peu de verglas"	https://audio.audiomeans.fr/file/nvPVUluDrr/adf2e860-e06e-4b38-9d03-f3a7d6a0aa57.mp3?_=1732604881	4.7 MB	05:08	Ecoutez L'oeil de Philippe Caverivière du 26 novembre 2024.	
"Vocalement le pape François, c'est moins bien que Bono de U2 ou Paul McCartney... Très peu de tubes"	https://audio.audiomeans.fr/file/nvPVUluDrr/85a38a1c-b3b1-4bcd-adb7-c31ff913642b.mp3?_=1732520581	3.45 MB	03:46	Ecoutez Le 2ème œil de Philippe Caverivière du 25 novembre 2024.	
"C'est beau cette mobilisation des académiciens pour Boualem Sansal, mais si il y a bagarre, je vais plutôt vers des CRS"	https://audio.audiomeans.fr/file/nvPVUluDrr/6540f32f-9ec2-415b-8871-87bd3ffa53a2.mp3?_=1732518481	5.57 MB	06:05	Ecoutez L'oeil de Philippe Caverivière du 25 novembre 2024.	
LA VIZO CONFÉRENCE - "Avec Clara Luciani, on est devenu populaire : maintenant, on passe tous les deux sur RTL"	https://audio.audiomeans.fr/file/nvPVUluDrr/a0d7e20d-6ee3-4793-b4e2-ef7081c6ecf9.mp3?_=1732180626	4.1 MB	04:28	"Je dis ça parce qu'avec Clara, on s'est connu sur France Inter, à l'époque où on était émergents tous les deux, une époque où on s'adressait à une niche d'intello de gauche..."
Ecoutez La Vizo Conférence avec Alex Vizorek du 19 novembre 2024.	
BEST OF - Spécial Élections Européennes	https://audio.audiomeans.fr/file/nvPVUluDrr/39a15bbc-bcad-4954-bd95-dcae38a24575.mp3?_=1732179466	2.93 MB	03:12	REDIFF - Tout l'été, retrouvez chaque jour le meilleur de Philippe Caverivière.	
"La France est sous la neige, sous la poudreuse... dire que Pierre Palmade a raté ça"	https://audio.audiomeans.fr/file/nvPVUluDrr/a2790bfb-3312-470c-8e3a-569b1121479a.mp3?_=1732261081	3.41 MB	03:43	Ecoutez Le 2ème œil de Philippe Caverivière du 22 novembre 2024.	
Philippe Caverivière propose à Patrick Martin, patron du Medef, d'être son "copain de vacances"	https://audio.audiomeans.fr/file/nvPVUluDrr/7721ceb0-28c6-4c64-b97e-e84b12db3192.mp3?_=1732259281	4.3 MB	04:42	Ecoutez L'oeil de Philippe Caverivière du 22 novembre 2024.	
"Jimmy Mohamed, c'est le Nagui des artères, le Nikos des prises de tension"	https://audio.audiomeans.fr/file/nvPVUluDrr/06eca20e-850b-4e0e-846e-cf8e486e86ba.mp3?_=1732174981	3.02 MB	03:18	Ecoutez Le 2ème œil de Philippe Caverivière du 21 novembre 2024.	
"Un Noël qui déraille" : Philippe Caverivière imagine la nouvelle comédie romantique de Noël	https://audio.audiomeans.fr/file/nvPVUluDrr/ca3043b8-6a1b-4635-a793-56686ece029d.mp3?_=1732172881	5.08 MB	05:33	Ecoutez L'oeil de Philippe Caverivière du 21 novembre 2024.	
"L'avenir de Pierre Palmade n'est pas rose : soit il va en prison, soit il devient député LFI"	https://audio.audiomeans.fr/file/nvPVUluDrr/90bef788-43da-41f9-b504-261efa1a1c68.mp3?_=1732088281	3.07 MB	03:21	Ecoutez Le 2ème œil de Philippe Caverivière du 20 novembre 2024.	
"Jordan Bardella sait qu'il va récupérer le brassard de capitaine en cas de claquage politique"	https://audio.audiomeans.fr/file/nvPVUluDrr/8c0e8795-cc67-4cea-b3a0-c0bc884d9c7f.mp3?_=1732086488	4.82 MB	05:16	Ecoutez L'oeil de Philippe Caverivière du 20 novembre 2024.	
"Aux Restos du Cœur, des pauvres aident des encore plus pauvres, c'est l'inverse du gouvernement Macron"	https://audio.audiomeans.fr/file/nvPVUluDrr/82d75612-15a2-4ab9-aa97-e741cd497cb0.mp3?_=1732002181	4.11 MB	04:29	Ce mardi 19 novembre marque le lancement de la campagne hivernale des Restos du Cœur. L'occasion pour Philippe Caverivière de s'adresser au président de l'association, Patrice Douret, invité de RTL Matin.
Ecoutez Le 2ème œil de Philippe Caverivière du 19 novembre 2024.	
"Si Édouard Philippe propose Jean-Jacques Goldman en Première dame, y a plus de match pour 2027"	https://audio.audiomeans.fr/file/nvPVUluDrr/1d6058f6-1a86-4041-9c34-e7ccdd989f5b.mp3?_=1732000081	3.72 MB	04:04	Le maire du Havre, Édouard Philippe, qui a d'ores et déjà annoncé sa candidature à la présidentielle de 2027, était l'invité de la matinale de RTL ce mardi 19 novembre. L'occasion pour Philippe Caverivière de revenir sur cette annonce, publiée en plein remaniement gouvernemental. 
Ecoutez L'oeil de Philippe Caverivière du 19 novembre 2024.	
"L'habit ne fait pas le moine, sinon l'abbé Pierre aurait été habillé en string, latex et casquette en cuir"	https://audio.audiomeans.fr/file/nvPVUluDrr/dd70efd6-1c71-432f-859b-2882443e892d.mp3?_=1731915480	3.15 MB	03:27	Dans sa deuxième chronique, lundi 18 novembre, Philippe Caverivière, s'est adressé à l'agriculteur Paul Mougenot, dont le secteur en difficulté se mobilise à nouveau.
Ecoutez Le 2ème œil de Philippe Caverivière du 18 novembre 2024.	
"Un maire communiste, c'est comme les diamants roses d'Afrique ou un prêtre vierge, c'est rare et magnifique"	https://audio.audiomeans.fr/file/nvPVUluDrr/42bd4faf-d9a1-437e-a6fe-d3c3bbdfd5ee.mp3?_=1731913680	4.08 MB	04:27	Face à l'invité RTL Philippe Rio, le maire de Grigny, Philippe Caverivière est revenu avec ironie, lundi 18 novembre, sur le mandat de l'édile de l'Essonne. 
Ecoutez L'oeil de Philippe Caverivière du 18 novembre 2024.	
LA VIZO CONFÉRENCE - "Bruno Retailleau nous parlait de mexicanisation de la France, mais là on serait plus sur une vikingisation de la France""	https://audio.audiomeans.fr/file/nvPVUluDrr/8b770c31-4144-4a9b-9e04-437f20318a9d.mp3?_=1731324182	4.49 MB	04:54	Alex Vizorek revient sur la bagarre qui a éclaté à coups de hache dans le RER E.
Ecoutez La Vizo Conférence avec Alex Vizorek du 05 novembre 2024.	
BEST OF - Spécial santé	https://audio.audiomeans.fr/file/nvPVUluDrr/73800480-f93f-4e75-b85f-966d211ca6ec.mp3?_=1729939994	2.28 MB	02:29	REDIFF - Écoutez Le best-of d'été de Philippe Caverivière.	
Une auditrice laisse un message à Philippe Caverivière après sa chronique sur les agriculteurs	https://audio.audiomeans.fr/file/nvPVUluDrr/813ce98d-a6ab-4ddf-9fc4-20ebab796cd2.mp3?_=1731656281	3.21 MB	03:30	Ecoutez Le 2ème œil de Philippe Caverivière avec Philippe Caverivière du 15 novembre 2024.	
"En 7 ans, Emmanuel Macron a fait un geste pour l'environnement : recycler Michel Barnier"	https://audio.audiomeans.fr/file/nvPVUluDrr/1286a55b-d0fd-49f3-9190-3fda4c897fef.mp3?_=1731654481	4.37 MB	04:46	Ecoutez L'oeil de Philippe Caverivière avec Philippe Caverivière du 15 novembre 2024.	
Mélenchon au match France-Israël ? "Il doit annuler car le jeudi c'est son cours de Zumba"	https://audio.audiomeans.fr/file/nvPVUluDrr/0c63e441-b156-46e8-8bd1-4f5c41800521.mp3?_=1731569884	3.7 MB	04:02	Ecoutez Le 2ème œil de Philippe Caverivière du 14 novembre 2024.	
"Perdre dans le sprint final contre Michel Barnier, respecte-toi Xavier Bertrand !"	https://audio.audiomeans.fr/file/nvPVUluDrr/77c9bd92-d8f7-434a-a225-95a0ab99d6e9.mp3?_=1731568081	4.26 MB	04:39	Ecoutez L'oeil de Philippe Caverivière du 14 novembre 2024.	
"Les jeunes agriculteurs, c'est un syndicat pas une catégorie sur Youporn"	https://audio.audiomeans.fr/file/nvPVUluDrr/51a9591e-be6d-49e8-b436-e660407f2e3b.mp3?_=1731483480	3.51 MB	03:50	Ecoutez Le 2ème œil de Philippe Caverivière avec Philippe Caverivière du 13 novembre 2024.	
"Un match par-ci, un gala par-là... Le préfet de Paris Laurent Nuñez a un peu l'agenda de Miss France"	https://audio.audiomeans.fr/file/nvPVUluDrr/bef859a2-68a0-41ec-a6e2-bb2bceaf0db0.mp3?_=1731481681	4.93 MB	05:23	Ecoutez L'oeil de Philippe Caverivière avec Philippe Caverivière du 13 novembre 2024.	
"Le point commun entre les gros dealers et les pédophiles : ils aiment les petites mains !"	https://audio.audiomeans.fr/file/nvPVUluDrr/1e17b68e-cc90-4a22-a74b-0fea9be1b3b2.mp3?_=1731397080	2.91 MB	03:11	Ecoutez Le 2ème œil de Philippe Caverivière avec Philippe Caverivière du 12 novembre 2024.	
"Qui situe l'Azerbaïdjan sur une carte ? C'est un peu comme le point G..."	https://audio.audiomeans.fr/file/nvPVUluDrr/d2d59165-2dd7-4e69-a4db-b27be7fb2a59.mp3?_=1731396783	4.48 MB	04:54	Ecoutez L'oeil de Philippe Caverivière avec Philippe Caverivière du 12 novembre 2024.	
"Les Américains ont 'Gladiator' avec Denzel Washington, on a le Puy du Fou avec Philippe de Villiers"	https://audio.audiomeans.fr/file/nvPVUluDrr/a8fb5ecd-d6f5-4a25-b57a-9da06156ec01.mp3?_=1731310980	3.56 MB	03:53	Ecoutez Le 2ème œil de Philippe Caverivière avec Philippe Caverivière du 11 novembre 2024.	
"À mon avis, il y a pas mal d'ambassadeurs branchés SM"	https://audio.audiomeans.fr/file/nvPVUluDrr/9e12a322-49d8-466f-9aec-fb119d4c99b5.mp3?_=1731308881	5.35 MB	05:50	Ecoutez L'oeil de Philippe Caverivière avec Philippe Caverivière du 11 novembre 2024.	
LA VIZO CONFÉRENCE - "C'est Jurassik Parc : Bernard Cazeneuve, le socialozaure normandicus, va revenir"	https://audio.audiomeans.fr/file/nvPVUluDrr/b8ddcb9d-ef5c-4a39-9b86-1869ac3a6ab5.mp3?_=1730994702	4.8 MB	05:15	Présidentielle 2027 : Bernard Cazeneuve a annoncé qu'il présentera un "projet pour la France" à l'été 2025.
Ecoutez La Vizo Conférence avec Alex Vizorek du 04 novembre 2024.	
BEST OF - Spécial écologie	https://audio.audiomeans.fr/file/nvPVUluDrr/150ad8e5-54bd-4c80-bdb4-ba7414fa8e01.mp3?_=1729939909	2.42 MB	02:39	REDIFF. Écoutez Le best-of d'été de Philippe Caverivière	
"Pour la réouverture de Notre-Dame de Paris, je déconseille le feu d'artifice"	https://audio.audiomeans.fr/file/nvPVUluDrr/f16ef37e-508f-4204-be17-9ff94b71ab5c.mp3?_=1731051481	3.53 MB	03:51	Ecoutez Le 2ème œil de Philippe Caverivière du 08 novembre 2024.	
"À Poitiers, Bruno Retailleau a fait réaliser le tatouage 'Charles Martel Forever' qu'il a sur la fesse gauche"	https://audio.audiomeans.fr/file/nvPVUluDrr/d46006a3-0404-414c-9811-d224ace49be6.mp3?_=1731049681	5.2 MB	05:40	Ecoutez L'oeil de Philippe Caverivière du 08 novembre 2024.	
"Jordan Bardella s'est fait chourer le prix Goncourt et Renaudot"	https://audio.audiomeans.fr/file/nvPVUluDrr/b1ccd08b-754b-44ef-814e-d309d973681e.mp3?_=1730965081	3.42 MB	03:44	Ecoutez Le 2ème œil de Philippe Caverivière avec Philippe Caverivière du 07 novembre 2024.	
"Kamala Harris c'est l'Anne Hidalgo américaine"	https://audio.audiomeans.fr/file/nvPVUluDrr/dda1ce16-e1b2-43e6-b94f-15e4a7c0ff95.mp3?_=1730963281	5.27 MB	05:45	Ecoutez L'oeil de Philippe Caverivière avec Philippe Caverivière du 07 novembre 2024.	
BONUS - Peut-on rire de tout ? Dans les coulisses de la chronique de Philippe Caverivière	https://audio.audiomeans.fr/file/nvPVUluDrr/06002024-eecd-41b6-9bf9-58159a7621fb.mp3?_=1730892530	10.24 MB	11:11	ARCHIVE RTL - Samedi 26 mars 2022, Philippe Caverivière était invité dans le "Journal Inattendu" de Boris Cyrulnik, alors présenté par Ophélie Meunier. L'humoriste, présent chaque matin dans la matinale RTL à 7h50 et 8h25, revient sur la création et les coulisses de sa chronique quotidienne. Selon lui, il faut "essayer de ne pas avoir trop de limites" dans les rires.	
"En France, on a un politique d'origine américaine, Jordan Bardella"	https://audio.audiomeans.fr/file/nvPVUluDrr/8b099142-6f4b-4132-88d5-ea136c4b07a8.mp3?_=1730876882	2.85 MB	03:07	Ecoutez L'oeil de Philippe Caverivière avec Philippe Caverivière du 06 novembre 2024.	
"Brel, Brassens, Bowie... Musicalement, le cancer est très pointu"	https://audio.audiomeans.fr/file/nvPVUluDrr/2e16f654-fbff-4f98-897c-30d0a09ef640.mp3?_=1730792580	3.26 MB	03:33	Ecoutez Le 2ème œil de Philippe Caverivière avec Philippe Caverivière du 05 novembre 2024.	
"Pour rembourser 60 milliards de dette, le calcul est simple : 49.3"	https://audio.audiomeans.fr/file/nvPVUluDrr/45c0156d-92ed-4263-9ad5-42df4588257b.mp3?_=1730790481	3.96 MB	04:20	Ecoutez L'oeil de Philippe Caverivière avec Philippe Caverivière du 05 novembre 2024.	
"Islam radical contre Sloane de 'Peter et Sloane', je ne fais pas le même métier qu'Alex Vizorek !"	https://audio.audiomeans.fr/file/nvPVUluDrr/aac16c45-96f1-4163-9e7c-ffc8faa99741.mp3?_=1730706182	3.88 MB	04:14	Ecoutez Le 2ème œil de Philippe Caverivière avec Philippe Caverivière du 04 novembre 2024.	
"Olivier Faure s'apprête à rejoindre l'amicale des cocufiés par François Hollande"	https://audio.audiomeans.fr/file/nvPVUluDrr/635c1ac5-ffa4-4708-be0e-7278311397d4.mp3?_=1730704081	4.58 MB	05:00	Ecoutez L'oeil de Philippe Caverivière avec Philippe Caverivière du 04 novembre 2024.	
LA VIZO CONFÉRENCE - "Éric Ciotti, El Loco de Nissa !"	https://audio.audiomeans.fr/file/nvPVUluDrr/fbda86e5-8846-4310-8e6f-2a52ee5d21ca.mp3?_=1729940129	5.14 MB	05:37	Ecoutez La Vizo Conférence avec Alex Vizorek du 23 octobre 2024.	
BEST OF - Philippe Caverivière et son célèbre "mouru pas mouru"	https://audio.audiomeans.fr/file/nvPVUluDrr/948ac6d1-36ac-41fa-973b-f0b4146ec757.mp3?_=1729939802	1.65 MB	01:48	REDIFF. Ecoutez Le best-of de Philippe Caverivière avec Philippe Caverivière.	
"La Toussaint, ou Fête de famille pour Xavier Dupont de Ligonnès"	https://audio.audiomeans.fr/file/nvPVUluDrr/fde64d76-c731-4927-82cb-7496a2797115.mp3?_=1730446981	3.74 MB	04:05	Ecoutez Le 2ème œil de Philippe Caverivière avec Alex Vizorek du 01 novembre 2024.	
"S'il faut être juif pour se moquer des juifs, faut-il être ivre pour se moquer des Bretons ?"	https://audio.audiomeans.fr/file/nvPVUluDrr/68f094d7-f31a-469c-bd0a-d41660971c89.mp3?_=1730444880	4.8 MB	05:14	Ecoutez L'oeil de Philippe Caverivière avec Alex Vizorek du 01 novembre 2024.	
"Mon conseil pour vivre plus vieux : zappez Noël en famille"	https://audio.audiomeans.fr/file/nvPVUluDrr/20f5aca9-36e8-4e6b-81a2-0a326583ed0e.mp3?_=1730360581	3.4 MB	03:43	Ecoutez Le 2ème œil de Philippe Caverivière avec Alex Vizorek du 31 octobre 2024.	
"Uber pour ados" : "Morandini va rapidement prendre sa licence de VTC"	https://audio.audiomeans.fr/file/nvPVUluDrr/c3f189a5-9470-4e45-b0b4-ffe8432be8d9.mp3?_=1730358481	5.16 MB	05:38	Ecoutez L'oeil de Philippe Caverivière avec Alex Vizorek du 31 octobre 2024.	
"Les Américains ont le choix entre un type raciste et une femme, c'est pas facile"	https://audio.audiomeans.fr/file/nvPVUluDrr/89f89fea-bd38-42aa-a474-045cd686e0d6.mp3?_=1730273880	3.31 MB	03:37	Ecoutez Le 2ème œil de Philippe Caverivière avec Alex Vizorek du 30 octobre 2024.	
Alex Vizorek félicite Borne pour son livre : "On attend avec impatience la sortie du livre de poche d'Attal"	https://audio.audiomeans.fr/file/nvPVUluDrr/c7af0461-258e-4a5d-904c-eae2316d93f6.mp3?_=1730272081	4.37 MB	04:46	Ecoutez L'oeil de Philippe Caverivière avec Alex Vizorek du 30 octobre 2024.	
"Le Tour de France se court en juillet et 5 ans après, on est certains du gagnant"	https://audio.audiomeans.fr/file/nvPVUluDrr/2b9d4277-d80e-42e9-84b7-c7c3b98e4390.mp3?_=1730187780	3.49 MB	03:48	Ecoutez Le 2ème œil de Philippe Caverivière avec Alex Vizorek du 29 octobre 2024.	
"Confier la fonction publique à Kasbarian, c'est confier la gestion de l'aquarium à mon chat"	https://audio.audiomeans.fr/file/nvPVUluDrr/648e1036-0d8d-4061-bdb8-039b3d5ad21a.mp3?_=1730185980	4.49 MB	04:54	Ecoutez L'oeil de Philippe Caverivière avec Alex Vizorek du 29 octobre 2024.	
"Le procès doit déterminer si Gérard Depardieu est aussi vertueux que l'abbé Pierre"	https://audio.audiomeans.fr/file/nvPVUluDrr/b64bb45d-2f20-4320-b709-c4242d715fcb.mp3?_=1730101381	2.91 MB	03:11	Ecoutez Le 2ème œil de Philippe Caverivière avec Alex Vizorek du 28 octobre 2024.	
"Le livre de Jordan Bardella je ne l'ai pas lu, les mauvaises langues diront que lui non plus"	https://audio.audiomeans.fr/file/nvPVUluDrr/c3cd625d-cc55-40e3-ae44-1a3c7fd7a35b.mp3?_=1730099280	4.37 MB	04:46	Ecoutez L'oeil de Philippe Caverivière avec Alex Vizorek du 28 octobre 2024.	
LA VIZO CONFÉRENCE - "6 centimes, à croire que le gouvernement a confondu les fonctionnaires avec une boîte de l'opération Pièces Jaunes"	https://audio.audiomeans.fr/file/nvPVUluDrr/b11b4739-3685-4886-b823-cea497432a16.mp3?_=1729591058	4.82 MB	05:16	Ecoutez La Vizo Conférence avec Alex Vizorek du 22 octobre 2024.	
BEST OF - Spécial "Un p'tit truc en plus"	https://audio.audiomeans.fr/file/nvPVUluDrr/4d0b79e5-f958-492d-9f66-ac3e8a1f16b1.mp3?_=1729275662	2.68 MB	02:55	Ecoutez L'oeil de Philippe Caverivière avec Philippe Caverivière du 26 août 2024.	
"Un monde sans enfants, c'est aussi des trajets en TGV sans bruit"	https://audio.audiomeans.fr/file/nvPVUluDrr/5c4ea0ce-f292-431d-9208-418e47dc5abf.mp3?_=1729838281	3.6 MB	03:56	Ecoutez Le 2ème œil de Philippe Caverivière avec Philippe Caverivière du 25 octobre 2024.	
Foot : "Si on leur retire l'homophobie, il faut leur laisser le racisme et les bagarres, sinon quel intérêt ?"	https://audio.audiomeans.fr/file/nvPVUluDrr/30c967ab-7b43-4ce7-b8b1-54c626f275bd.mp3?_=1729836481	4.51 MB	04:55	Ecoutez L'oeil de Philippe Caverivière avec Philippe Caverivière du 25 octobre 2024.	
"Est-ce qu'on imagine le Général de Gaulle acheter son gramme de LSD ?"	https://audio.audiomeans.fr/file/nvPVUluDrr/b0c04de8-d0cc-4cfd-ab45-8dd9cf31a99f.mp3?_=1729751883	3.38 MB	03:41	Ecoutez Le 2ème œil de Philippe Caverivière avec Philippe Caverivière du 24 octobre 2024.	
"Est-ce qu'on imagine Charles de Gaulle acheter sa drogue avant d'aller à une soirée chemsex ?"	https://audio.audiomeans.fr/file/nvPVUluDrr/bc4cda18-92c8-49b4-9948-1f2c7a1118b4.mp3?_=1729750081	5.26 MB	05:44	Ecoutez L'oeil de Philippe Caverivière avec Philippe Caverivière du 24 octobre 2024.	
Philippe Caverivière : "Ce qui est tabou, c'est l'amour entre deux adultes pour l'Église"	https://audio.audiomeans.fr/file/nvPVUluDrr/d5aecb4e-dd39-456c-9967-7e1ce088b768.mp3?_=1729665481	2.9 MB	03:10	Ecoutez Le 2ème œil de Philippe Caverivière avec Philippe Caverivière du 23 octobre 2024.	
"La violence ne résout rien, surtout quand on ne sait pas se battre"	https://audio.audiomeans.fr/file/nvPVUluDrr/d4251e40-1705-4b1a-a83c-672adc12a44f.mp3?_=1729663681	4.58 MB	05:00	Ecoutez L'oeil de Philippe Caverivière avec Philippe Caverivière du 23 octobre 2024.	
Philippe Caverivière : "Le dernier lien entre la police et la musique, c'était la garde à vue de Jean-Luc Lahaye"	https://audio.audiomeans.fr/file/nvPVUluDrr/b9169333-4656-4e68-b653-8378612cd7f6.mp3?_=1729579081	3.09 MB	03:23	Ecoutez Le 2ème œil de Philippe Caverivière avec Philippe Caverivière du 22 octobre 2024.	
"Avec l'accent alsacien, Monica Bellucci n'aurait pas eu la même carrière"	https://audio.audiomeans.fr/file/nvPVUluDrr/51133961-d28d-4fa3-8adf-8fe5aa5aee97.mp3?_=1729577280	4.99 MB	05:27	Ecoutez L'oeil de Philippe Caverivière avec Philippe Caverivière du 22 octobre 2024.	
Retrouvez tous les épisodes sur l'application RTL	https://rtl.proxycast.org/3155520245867753472/02e133ee-8a85-4fca-aa25-34cb4d4148c3.mp3?u=nvPVUluDrr&_=1651148929	0.18 MB	00:11	<p>Pour retrouver l’historique de l'oeil de Philippe Caverivière, rendez-vous sur l’application RTL ou sur le site RTL.fr &nbsp;&nbsp;&nbsp;&nbsp;</p>	
